,region,category,parameter,mode,powertrain,year,unit,value
0,Australia,Historical,EV sales,Cars,BEV,2011,Vehicles,49.0
1,Australia,Historical,EV sales,Cars,BEV,2012,Vehicles,170.0
2,Australia,Historical,EV sales,Cars,PHEV,2012,Vehicles,80.0
3,Australia,Historical,EV sales,Cars,PHEV,2013,Vehicles,100.0
4,Australia,Historical,EV sales,Cars,BEV,2013,Vehicles,190.0
5,Australia,Historical,EV sales,Cars,BEV,2014,Vehicles,370.0
6,Australia,Historical,EV sales,Cars,PHEV,2014,Vehicles,950.0
7,Australia,Historical,EV sales,Cars,PHEV,2015,Vehicles,1000.0
8,Australia,Historical,EV sales,Cars,BEV,2015,Vehicles,760.0
9,Australia,Historical,EV sales,Cars,BEV,2016,Vehicles,670.0
10,Australia,Historical,EV sales,Cars,PHEV,2016,Vehicles,700.0
11,Australia,Historical,EV sales,Cars,PHEV,2017,Vehicles,1100.0
12,Australia,Historical,EV sales,Cars,BEV,2017,Vehicles,1200.0
13,Australia,Historical,EV sales,Cars,BEV,2018,Vehicles,1800.0
14,Australia,Historical,EV sales,Cars,PHEV,2018,Vehicles,1800.0
15,Australia,Historical,EV sales,Cars,PHEV,2019,Vehicles,2900.0
16,Australia,Historical,EV sales,Cars,BEV,2019,Vehicles,6300.0
17,Australia,Historical,EV sales,Cars,BEV,2020,Vehicles,5200.0
18,Australia,Historical,EV sales,Cars,PHEV,2020,Vehicles,1700.0
19,Australia,Historical,EV sales,Cars,PHEV,2021,Vehicles,3400.0
20,Australia,Historical,EV sales,Cars,BEV,2021,Vehicles,17000.0
21,Australia,Historical,EV sales,Cars,FCEV,2021,Vehicles,44.0
22,Australia,Historical,EV sales,Cars,FCEV,2022,Vehicles,15.0
23,Australia,Historical,EV sales,Cars,BEV,2022,Vehicles,33000.0
24,Australia,Historical,EV sales,Cars,PHEV,2022,Vehicles,5900.0
25,Australia,Historical,EV sales,Cars,PHEV,2023,Vehicles,11000.0
26,Australia,Historical,EV sales,Cars,BEV,2023,Vehicles,87000.0
27,Australia,Historical,EV sales,Cars,FCEV,2023,Vehicles,6.0
28,Austria,Historical,EV sales,Cars,BEV,2013,Vehicles,650.0
29,Austria,Historical,EV sales,Cars,BEV,2014,Vehicles,1700.0
30,Austria,Historical,EV sales,Cars,FCEV,2014,Vehicles,6.0
31,Austria,Historical,EV sales,Cars,FCEV,2015,Vehicles,4.0
32,Austria,Historical,EV sales,Cars,PHEV,2015,Vehicles,1100.0
33,Austria,Historical,EV sales,Cars,BEV,2015,Vehicles,1700.0
34,Austria,Historical,EV sales,Cars,BEV,2016,Vehicles,3800.0
35,Austria,Historical,EV sales,Cars,PHEV,2016,Vehicles,1200.0
36,Austria,Historical,EV sales,Cars,FCEV,2017,Vehicles,2.0
37,Austria,Historical,EV sales,Cars,PHEV,2017,Vehicles,1700.0
38,Austria,Historical,EV sales,Cars,BEV,2017,Vehicles,5400.0
39,Austria,Historical,EV sales,Cars,BEV,2018,Vehicles,6800.0
40,Austria,Historical,EV sales,Cars,PHEV,2018,Vehicles,2300.0
41,Austria,Historical,EV sales,Cars,FCEV,2018,Vehicles,7.0
42,Austria,Historical,EV sales,Cars,PHEV,2019,Vehicles,2200.0
43,Austria,Historical,EV sales,Cars,FCEV,2019,Vehicles,19.0
44,Austria,Historical,EV sales,Cars,BEV,2019,Vehicles,9300.0
45,Austria,Historical,EV sales,Cars,BEV,2020,Vehicles,16000.0
46,Austria,Historical,EV sales,Cars,FCEV,2020,Vehicles,14.0
47,Austria,Historical,EV sales,Cars,PHEV,2020,Vehicles,7600.0
48,Austria,Historical,EV sales,Cars,PHEV,2021,Vehicles,15000.0
49,Austria,Historical,EV sales,Cars,FCEV,2021,Vehicles,14.0
50,Austria,Historical,EV sales,Cars,BEV,2021,Vehicles,33000.0
51,Austria,Historical,EV sales,Cars,BEV,2022,Vehicles,34000.0
52,Austria,Historical,EV sales,Cars,FCEV,2022,Vehicles,14.0
53,Austria,Historical,EV sales,Cars,PHEV,2022,Vehicles,13000.0
54,Austria,Historical,EV sales,Cars,PHEV,2023,Vehicles,17000.0
55,Austria,Historical,EV sales,Cars,FCEV,2023,Vehicles,9.0
56,Austria,Historical,EV sales,Cars,BEV,2023,Vehicles,48000.0
57,Belgium,Historical,EV sales,Cars,BEV,2010,Vehicles,48.0
58,Belgium,Historical,EV sales,Cars,PHEV,2010,Vehicles,8.0
59,Belgium,Historical,EV sales,Cars,PHEV,2011,Vehicles,16.0
60,Belgium,Historical,EV sales,Cars,BEV,2011,Vehicles,280.0
61,Belgium,Historical,EV sales,Cars,BEV,2012,Vehicles,570.0
62,Belgium,Historical,EV sales,Cars,PHEV,2012,Vehicles,340.0
63,Belgium,Historical,EV sales,Cars,PHEV,2013,Vehicles,60.0
64,Belgium,Historical,EV sales,Cars,BEV,2013,Vehicles,500.0
65,Belgium,Historical,EV sales,Cars,BEV,2014,Vehicles,1300.0
66,Belgium,Historical,EV sales,Cars,PHEV,2014,Vehicles,650.0
67,Belgium,Historical,EV sales,Cars,PHEV,2015,Vehicles,2500.0
68,Belgium,Historical,EV sales,Cars,FCEV,2015,Vehicles,2.0
69,Belgium,Historical,EV sales,Cars,BEV,2015,Vehicles,1400.0
70,Belgium,Historical,EV sales,Cars,BEV,2016,Vehicles,2100.0
71,Belgium,Historical,EV sales,Cars,FCEV,2016,Vehicles,7.0
72,Belgium,Historical,EV sales,Cars,PHEV,2016,Vehicles,7100.0
73,Belgium,Historical,EV sales,Cars,PHEV,2017,Vehicles,12000.0
74,Belgium,Historical,EV sales,Cars,FCEV,2017,Vehicles,11.0
75,Belgium,Historical,EV sales,Cars,BEV,2017,Vehicles,2700.0
76,Belgium,Historical,EV sales,Cars,BEV,2018,Vehicles,3600.0
77,Belgium,Historical,EV sales,Cars,FCEV,2018,Vehicles,13.0
78,Belgium,Historical,EV sales,Cars,PHEV,2018,Vehicles,9600.0
79,Belgium,Historical,EV sales,Cars,PHEV,2019,Vehicles,8900.0
80,Belgium,Historical,EV sales,Cars,FCEV,2019,Vehicles,12.0
81,Belgium,Historical,EV sales,Cars,BEV,2019,Vehicles,8800.0
82,Belgium,Historical,EV sales,Cars,BEV,2020,Vehicles,15000.0
83,Belgium,Historical,EV sales,Cars,FCEV,2020,Vehicles,4.0
84,Belgium,Historical,EV sales,Cars,PHEV,2020,Vehicles,32000.0
85,Belgium,Historical,EV sales,Cars,PHEV,2021,Vehicles,48000.0
86,Belgium,Historical,EV sales,Cars,FCEV,2021,Vehicles,21.0
87,Belgium,Historical,EV sales,Cars,BEV,2021,Vehicles,23000.0
88,Belgium,Historical,EV sales,Cars,BEV,2022,Vehicles,38000.0
89,Belgium,Historical,EV sales,Cars,FCEV,2022,Vehicles,20.0
90,Belgium,Historical,EV sales,Cars,PHEV,2022,Vehicles,59000.0
91,Belgium,Historical,EV sales,Cars,PHEV,2023,Vehicles,100000.0
92,Belgium,Historical,EV sales,Cars,FCEV,2023,Vehicles,9.0
93,Belgium,Historical,EV sales,Cars,BEV,2023,Vehicles,93000.0
94,Brazil,Historical,EV sales,Cars,BEV,2010,Vehicles,10.0
95,Brazil,Historical,EV sales,Cars,BEV,2011,Vehicles,8.0
96,Brazil,Historical,EV sales,Cars,BEV,2012,Vehicles,22.0
97,Brazil,Historical,EV sales,Cars,PHEV,2012,Vehicles,18.0
98,Brazil,Historical,EV sales,Cars,PHEV,2013,Vehicles,33.0
99,Brazil,Historical,EV sales,Cars,BEV,2013,Vehicles,39.0
100,Brazil,Historical,EV sales,Cars,BEV,2014,Vehicles,61.0
101,Brazil,Historical,EV sales,Cars,BEV,2015,Vehicles,61.0
102,Brazil,Historical,EV sales,Cars,PHEV,2015,Vehicles,28.0
103,Brazil,Historical,EV sales,Cars,PHEV,2016,Vehicles,47.0
104,Brazil,Historical,EV sales,Cars,BEV,2016,Vehicles,130.0
105,Brazil,Historical,EV sales,Cars,BEV,2017,Vehicles,140.0
106,Brazil,Historical,EV sales,Cars,PHEV,2017,Vehicles,290.0
107,Brazil,Historical,EV sales,Cars,PHEV,2018,Vehicles,230.0
108,Brazil,Historical,EV sales,Cars,BEV,2018,Vehicles,180.0
109,Brazil,Historical,EV sales,Cars,BEV,2019,Vehicles,540.0
110,Brazil,Historical,EV sales,Cars,PHEV,2019,Vehicles,1400.0
111,Brazil,Historical,EV sales,Cars,PHEV,2020,Vehicles,1800.0
112,Brazil,Historical,EV sales,Cars,BEV,2020,Vehicles,800.0
113,Brazil,Historical,EV sales,Cars,BEV,2021,Vehicles,2900.0
114,Brazil,Historical,EV sales,Cars,PHEV,2021,Vehicles,11000.0
115,Brazil,Historical,EV sales,Cars,FCEV,2021,Vehicles,1.0
116,Brazil,Historical,EV sales,Cars,FCEV,2022,Vehicles,2.0
117,Brazil,Historical,EV sales,Cars,PHEV,2022,Vehicles,10000.0
118,Brazil,Historical,EV sales,Cars,BEV,2022,Vehicles,8500.0
119,Brazil,Historical,EV sales,Cars,BEV,2023,Vehicles,19000.0
120,Brazil,Historical,EV sales,Cars,PHEV,2023,Vehicles,33000.0
121,Canada,Historical,EV sales,Cars,BEV,2011,Vehicles,220.0
122,Canada,Historical,EV sales,Cars,PHEV,2011,Vehicles,300.0
123,Canada,Historical,EV sales,Cars,PHEV,2012,Vehicles,1300.0
124,Canada,Historical,EV sales,Cars,BEV,2012,Vehicles,620.0
125,Canada,Historical,EV sales,Cars,BEV,2013,Vehicles,1600.0
126,Canada,Historical,EV sales,Cars,PHEV,2013,Vehicles,1500.0
127,Canada,Historical,EV sales,Cars,PHEV,2014,Vehicles,2300.0
128,Canada,Historical,EV sales,Cars,BEV,2014,Vehicles,2800.0
129,Canada,Historical,EV sales,Cars,BEV,2015,Vehicles,4400.0
130,Canada,Historical,EV sales,Cars,PHEV,2015,Vehicles,2400.0
131,Canada,Historical,EV sales,Cars,PHEV,2016,Vehicles,6400.0
132,Canada,Historical,EV sales,Cars,BEV,2016,Vehicles,5200.0
133,Canada,Historical,EV sales,Cars,BEV,2017,Vehicles,8700.0
134,Canada,Historical,EV sales,Cars,PHEV,2017,Vehicles,8000.0
135,Canada,Historical,EV sales,Cars,PHEV,2018,Vehicles,21000.0
136,Canada,Historical,EV sales,Cars,BEV,2018,Vehicles,23000.0
137,Canada,Historical,EV sales,Cars,BEV,2019,Vehicles,32000.0
138,Canada,Historical,EV sales,Cars,FCEV,2019,Vehicles,79.0
139,Canada,Historical,EV sales,Cars,PHEV,2019,Vehicles,19000.0
140,Canada,Historical,EV sales,Cars,PHEV,2020,Vehicles,14000.0
141,Canada,Historical,EV sales,Cars,FCEV,2020,Vehicles,16.0
142,Canada,Historical,EV sales,Cars,BEV,2020,Vehicles,37000.0
143,Canada,Historical,EV sales,Cars,BEV,2021,Vehicles,59000.0
144,Canada,Historical,EV sales,Cars,FCEV,2021,Vehicles,130.0
145,Canada,Historical,EV sales,Cars,PHEV,2021,Vehicles,28000.0
146,Canada,Historical,EV sales,Cars,PHEV,2022,Vehicles,24000.0
147,Canada,Historical,EV sales,Cars,FCEV,2022,Vehicles,19.0
148,Canada,Historical,EV sales,Cars,BEV,2022,Vehicles,91000.0
149,Canada,Historical,EV sales,Cars,BEV,2023,Vehicles,130000.0
150,Canada,Historical,EV sales,Cars,FCEV,2023,Vehicles,13.0
151,Canada,Historical,EV sales,Cars,PHEV,2023,Vehicles,41000.0
152,China,Historical,EV sales,Cars,PHEV,2010,Vehicles,340.0
153,China,Historical,EV sales,Cars,BEV,2010,Vehicles,1100.0
154,China,Historical,EV sales,Cars,BEV,2011,Vehicles,4800.0
155,China,Historical,EV sales,Cars,PHEV,2011,Vehicles,320.0
156,China,Historical,EV sales,Cars,PHEV,2012,Vehicles,260.0
157,China,Historical,EV sales,Cars,BEV,2012,Vehicles,9600.0
158,China,Historical,EV sales,Cars,BEV,2013,Vehicles,15000.0
159,China,Historical,EV sales,Cars,PHEV,2013,Vehicles,730.0
160,China,Historical,EV sales,Cars,PHEV,2014,Vehicles,24000.0
161,China,Historical,EV sales,Cars,BEV,2014,Vehicles,49000.0
162,China,Historical,EV sales,Cars,BEV,2015,Vehicles,150000.0
163,China,Historical,EV sales,Cars,PHEV,2015,Vehicles,61000.0
164,China,Historical,EV sales,Cars,PHEV,2016,Vehicles,79000.0
165,China,Historical,EV sales,Cars,BEV,2016,Vehicles,260000.0
166,China,Historical,EV sales,Cars,PHEV,2017,Vehicles,110000.0
167,China,Historical,EV sales,Cars,BEV,2017,Vehicles,470000.0
168,China,Historical,EV sales,Cars,BEV,2018,Vehicles,820000.0
169,China,Historical,EV sales,Cars,PHEV,2018,Vehicles,270000.0
170,China,Historical,EV sales,Cars,PHEV,2019,Vehicles,230000.0
171,China,Historical,EV sales,Cars,BEV,2019,Vehicles,830000.0
172,China,Historical,EV sales,Cars,BEV,2020,Vehicles,920000.0
173,China,Historical,EV sales,Cars,PHEV,2020,Vehicles,220000.0
174,China,Historical,EV sales,Cars,PHEV,2021,Vehicles,550000.0
175,China,Historical,EV sales,Cars,BEV,2021,Vehicles,2700000.0
176,China,Historical,EV sales,Cars,FCEV,2021,Vehicles,19.0
177,China,Historical,EV sales,Cars,FCEV,2022,Vehicles,240.0
178,China,Historical,EV sales,Cars,BEV,2022,Vehicles,4400000.0
179,China,Historical,EV sales,Cars,PHEV,2022,Vehicles,1500000.0
180,China,Historical,EV sales,Cars,PHEV,2023,Vehicles,2700000.0
181,China,Historical,EV sales,Cars,BEV,2023,Vehicles,5400000.0
182,China,Historical,EV sales,Cars,FCEV,2023,Vehicles,520.0
183,Colombia,Historical,EV sales,Cars,PHEV,2015,Vehicles,3.0
184,Colombia,Historical,EV sales,Cars,BEV,2015,Vehicles,39.0
185,Colombia,Historical,EV sales,Cars,BEV,2016,Vehicles,28.0
186,Colombia,Historical,EV sales,Cars,PHEV,2016,Vehicles,25.0
187,Colombia,Historical,EV sales,Cars,PHEV,2017,Vehicles,56.0
188,Colombia,Historical,EV sales,Cars,BEV,2017,Vehicles,92.0
189,Colombia,Historical,EV sales,Cars,BEV,2018,Vehicles,250.0
190,Colombia,Historical,EV sales,Cars,PHEV,2018,Vehicles,320.0
191,Colombia,Historical,EV sales,Cars,PHEV,2019,Vehicles,450.0
192,Colombia,Historical,EV sales,Cars,BEV,2019,Vehicles,870.0
193,Colombia,Historical,EV sales,Cars,BEV,2020,Vehicles,480.0
194,Colombia,Historical,EV sales,Cars,PHEV,2020,Vehicles,470.0
195,Colombia,Historical,EV sales,Cars,PHEV,2021,Vehicles,1700.0
196,Colombia,Historical,EV sales,Cars,BEV,2021,Vehicles,840.0
197,Colombia,Historical,EV sales,Cars,BEV,2022,Vehicles,1900.0
198,Colombia,Historical,EV sales,Cars,PHEV,2022,Vehicles,2400.0
199,Colombia,Historical,EV sales,Cars,PHEV,2023,Vehicles,2500.0
200,Colombia,Historical,EV sales,Cars,BEV,2023,Vehicles,3600.0
201,Czech Republic,Historical,EV sales,Cars,BEV,2015,Vehicles,300.0
202,Czech Republic,Historical,EV sales,Cars,BEV,2016,Vehicles,200.0
203,Czech Republic,Historical,EV sales,Cars,BEV,2017,Vehicles,390.0
204,Czech Republic,Historical,EV sales,Cars,BEV,2018,Vehicles,700.0
205,Czech Republic,Historical,EV sales,Cars,PHEV,2018,Vehicles,280.0
206,Czech Republic,Historical,EV sales,Cars,PHEV,2019,Vehicles,470.0
207,Czech Republic,Historical,EV sales,Cars,BEV,2019,Vehicles,760.0
208,Czech Republic,Historical,EV sales,Cars,BEV,2020,Vehicles,3300.0
209,Czech Republic,Historical,EV sales,Cars,PHEV,2020,Vehicles,2000.0
210,Czech Republic,Historical,EV sales,Cars,PHEV,2021,Vehicles,3700.0
211,Czech Republic,Historical,EV sales,Cars,BEV,2021,Vehicles,2700.0
212,Czech Republic,Historical,EV sales,Cars,BEV,2022,Vehicles,3900.0
213,Czech Republic,Historical,EV sales,Cars,PHEV,2022,Vehicles,3600.0
214,Czech Republic,Historical,EV sales,Cars,PHEV,2023,Vehicles,5300.0
215,Czech Republic,Historical,EV sales,Cars,BEV,2023,Vehicles,6700.0
216,Denmark,Historical,EV sales,Cars,PHEV,2011,Vehicles,2.0
217,Denmark,Historical,EV sales,Cars,BEV,2011,Vehicles,420.0
218,Denmark,Historical,EV sales,Cars,BEV,2012,Vehicles,490.0
219,Denmark,Historical,EV sales,Cars,PHEV,2012,Vehicles,12.0
220,Denmark,Historical,EV sales,Cars,PHEV,2013,Vehicles,10.0
221,Denmark,Historical,EV sales,Cars,FCEV,2013,Vehicles,15.0
222,Denmark,Historical,EV sales,Cars,BEV,2013,Vehicles,500.0
223,Denmark,Historical,EV sales,Cars,BEV,2014,Vehicles,1600.0
224,Denmark,Historical,EV sales,Cars,FCEV,2014,Vehicles,1.0
225,Denmark,Historical,EV sales,Cars,PHEV,2014,Vehicles,90.0
226,Denmark,Historical,EV sales,Cars,PHEV,2015,Vehicles,420.0
227,Denmark,Historical,EV sales,Cars,FCEV,2015,Vehicles,38.0
228,Denmark,Historical,EV sales,Cars,BEV,2015,Vehicles,4300.0
229,Denmark,Historical,EV sales,Cars,BEV,2016,Vehicles,1300.0
230,Denmark,Historical,EV sales,Cars,FCEV,2016,Vehicles,14.0
231,Denmark,Historical,EV sales,Cars,PHEV,2016,Vehicles,570.0
232,Denmark,Historical,EV sales,Cars,PHEV,2017,Vehicles,620.0
233,Denmark,Historical,EV sales,Cars,FCEV,2017,Vehicles,15.0
234,Denmark,Historical,EV sales,Cars,BEV,2017,Vehicles,710.0
235,Denmark,Historical,EV sales,Cars,BEV,2018,Vehicles,1500.0
236,Denmark,Historical,EV sales,Cars,FCEV,2018,Vehicles,5.0
237,Denmark,Historical,EV sales,Cars,PHEV,2018,Vehicles,3100.0
238,Denmark,Historical,EV sales,Cars,PHEV,2019,Vehicles,3900.0
239,Denmark,Historical,EV sales,Cars,FCEV,2019,Vehicles,8.0
240,Denmark,Historical,EV sales,Cars,BEV,2019,Vehicles,5500.0
241,Denmark,Historical,EV sales,Cars,BEV,2020,Vehicles,14000.0
242,Denmark,Historical,EV sales,Cars,FCEV,2020,Vehicles,45.0
243,Denmark,Historical,EV sales,Cars,PHEV,2020,Vehicles,18000.0
244,Denmark,Historical,EV sales,Cars,PHEV,2021,Vehicles,40000.0
245,Denmark,Historical,EV sales,Cars,FCEV,2021,Vehicles,78.0
246,Denmark,Historical,EV sales,Cars,BEV,2021,Vehicles,25000.0
247,Denmark,Historical,EV sales,Cars,BEV,2022,Vehicles,31000.0
248,Denmark,Historical,EV sales,Cars,FCEV,2022,Vehicles,6.0
249,Denmark,Historical,EV sales,Cars,PHEV,2022,Vehicles,26000.0
250,Denmark,Historical,EV sales,Cars,PHEV,2023,Vehicles,17000.0
251,Denmark,Historical,EV sales,Cars,FCEV,2023,Vehicles,1.0
252,Denmark,Historical,EV sales,Cars,BEV,2023,Vehicles,63000.0
337,Finland,Historical,EV sales,Cars,BEV,2011,Vehicles,30.0
338,Finland,Historical,EV sales,Cars,PHEV,2012,Vehicles,130.0
339,Finland,Historical,EV sales,Cars,BEV,2012,Vehicles,51.0
340,Finland,Historical,EV sales,Cars,BEV,2013,Vehicles,50.0
341,Finland,Historical,EV sales,Cars,PHEV,2013,Vehicles,170.0
342,Finland,Historical,EV sales,Cars,PHEV,2014,Vehicles,260.0
343,Finland,Historical,EV sales,Cars,BEV,2014,Vehicles,180.0
344,Finland,Historical,EV sales,Cars,BEV,2015,Vehicles,240.0
345,Finland,Historical,EV sales,Cars,PHEV,2015,Vehicles,420.0
346,Finland,Historical,EV sales,Cars,PHEV,2016,Vehicles,1200.0
347,Finland,Historical,EV sales,Cars,BEV,2016,Vehicles,220.0
348,Finland,Historical,EV sales,Cars,BEV,2017,Vehicles,500.0
349,Finland,Historical,EV sales,Cars,PHEV,2017,Vehicles,2600.0
350,Finland,Historical,EV sales,Cars,PHEV,2018,Vehicles,4900.0
351,Finland,Historical,EV sales,Cars,BEV,2018,Vehicles,780.0
352,Finland,Historical,EV sales,Cars,BEV,2019,Vehicles,1900.0
353,Finland,Historical,EV sales,Cars,PHEV,2019,Vehicles,6000.0
354,Finland,Historical,EV sales,Cars,PHEV,2020,Vehicles,13000.0
355,Finland,Historical,EV sales,Cars,BEV,2020,Vehicles,4200.0
356,Finland,Historical,EV sales,Cars,BEV,2021,Vehicles,10000.0
357,Finland,Historical,EV sales,Cars,PHEV,2021,Vehicles,20000.0
358,Finland,Historical,EV sales,Cars,FCEV,2021,Vehicles,1.0
359,Finland,Historical,EV sales,Cars,PHEV,2022,Vehicles,16000.0
360,Finland,Historical,EV sales,Cars,BEV,2022,Vehicles,15000.0
361,Finland,Historical,EV sales,Cars,BEV,2023,Vehicles,30000.0
362,Finland,Historical,EV sales,Cars,PHEV,2023,Vehicles,18000.0
363,France,Historical,EV sales,Cars,BEV,2010,Vehicles,190.0
364,France,Historical,EV sales,Cars,PHEV,2010,Vehicles,82.0
365,France,Historical,EV sales,Cars,PHEV,2011,Vehicles,56.0
366,France,Historical,EV sales,Cars,BEV,2011,Vehicles,2600.0
367,France,Historical,EV sales,Cars,BEV,2012,Vehicles,5700.0
368,France,Historical,EV sales,Cars,PHEV,2012,Vehicles,660.0
369,France,Historical,EV sales,Cars,PHEV,2013,Vehicles,850.0
370,France,Historical,EV sales,Cars,FCEV,2013,Vehicles,1.0
371,France,Historical,EV sales,Cars,BEV,2013,Vehicles,8900.0
372,France,Historical,EV sales,Cars,BEV,2014,Vehicles,11000.0
373,France,Historical,EV sales,Cars,FCEV,2014,Vehicles,1.0
374,France,Historical,EV sales,Cars,PHEV,2014,Vehicles,2100.0
375,France,Historical,EV sales,Cars,FCEV,2015,Vehicles,10.0
376,France,Historical,EV sales,Cars,BEV,2015,Vehicles,18000.0
377,France,Historical,EV sales,Cars,PHEV,2015,Vehicles,5800.0
378,France,Historical,EV sales,Cars,PHEV,2016,Vehicles,7600.0
379,France,Historical,EV sales,Cars,BEV,2016,Vehicles,23000.0
380,France,Historical,EV sales,Cars,FCEV,2016,Vehicles,34.0
381,France,Historical,EV sales,Cars,FCEV,2017,Vehicles,46.0
382,France,Historical,EV sales,Cars,BEV,2017,Vehicles,26000.0
383,France,Historical,EV sales,Cars,PHEV,2017,Vehicles,12000.0
384,France,Historical,EV sales,Cars,PHEV,2018,Vehicles,15000.0
385,France,Historical,EV sales,Cars,BEV,2018,Vehicles,33000.0
386,France,Historical,EV sales,Cars,FCEV,2018,Vehicles,10.0
387,France,Historical,EV sales,Cars,FCEV,2019,Vehicles,60.0
388,France,Historical,EV sales,Cars,BEV,2019,Vehicles,45000.0
389,France,Historical,EV sales,Cars,PHEV,2019,Vehicles,19000.0
390,France,Historical,EV sales,Cars,PHEV,2020,Vehicles,75000.0
391,France,Historical,EV sales,Cars,BEV,2020,Vehicles,110000.0
392,France,Historical,EV sales,Cars,FCEV,2020,Vehicles,210.0
393,France,Historical,EV sales,Cars,FCEV,2021,Vehicles,14.0
394,France,Historical,EV sales,Cars,BEV,2021,Vehicles,170000.0
395,France,Historical,EV sales,Cars,PHEV,2021,Vehicles,140000.0
396,France,Historical,EV sales,Cars,PHEV,2022,Vehicles,130000.0
397,France,Historical,EV sales,Cars,BEV,2022,Vehicles,210000.0
398,France,Historical,EV sales,Cars,FCEV,2022,Vehicles,200.0
399,France,Historical,EV sales,Cars,FCEV,2023,Vehicles,310.0
400,France,Historical,EV sales,Cars,BEV,2023,Vehicles,310000.0
401,France,Historical,EV sales,Cars,PHEV,2023,Vehicles,160000.0
402,Germany,Historical,EV sales,Cars,BEV,2010,Vehicles,140.0
403,Germany,Historical,EV sales,Cars,FCEV,2010,Vehicles,16.0
404,Germany,Historical,EV sales,Cars,FCEV,2011,Vehicles,38.0
405,Germany,Historical,EV sales,Cars,PHEV,2011,Vehicles,240.0
406,Germany,Historical,EV sales,Cars,BEV,2011,Vehicles,1400.0
407,Germany,Historical,EV sales,Cars,BEV,2012,Vehicles,2200.0
408,Germany,Historical,EV sales,Cars,PHEV,2012,Vehicles,1200.0
409,Germany,Historical,EV sales,Cars,FCEV,2012,Vehicles,29.0
410,Germany,Historical,EV sales,Cars,FCEV,2013,Vehicles,23.0
411,Germany,Historical,EV sales,Cars,PHEV,2013,Vehicles,1600.0
412,Germany,Historical,EV sales,Cars,BEV,2013,Vehicles,5200.0
413,Germany,Historical,EV sales,Cars,BEV,2014,Vehicles,9100.0
414,Germany,Historical,EV sales,Cars,PHEV,2014,Vehicles,4400.0
415,Germany,Historical,EV sales,Cars,FCEV,2014,Vehicles,8.0
416,Germany,Historical,EV sales,Cars,FCEV,2015,Vehicles,63.0
417,Germany,Historical,EV sales,Cars,PHEV,2015,Vehicles,11000.0
418,Germany,Historical,EV sales,Cars,BEV,2015,Vehicles,12000.0
419,Germany,Historical,EV sales,Cars,BEV,2016,Vehicles,11000.0
420,Germany,Historical,EV sales,Cars,PHEV,2016,Vehicles,13000.0
421,Germany,Historical,EV sales,Cars,FCEV,2017,Vehicles,82.0
422,Germany,Historical,EV sales,Cars,PHEV,2017,Vehicles,29000.0
423,Germany,Historical,EV sales,Cars,BEV,2017,Vehicles,25000.0
424,Germany,Historical,EV sales,Cars,BEV,2018,Vehicles,36000.0
425,Germany,Historical,EV sales,Cars,PHEV,2018,Vehicles,31000.0
426,Germany,Historical,EV sales,Cars,FCEV,2018,Vehicles,110.0
427,Germany,Historical,EV sales,Cars,FCEV,2019,Vehicles,200.0
428,Germany,Historical,EV sales,Cars,PHEV,2019,Vehicles,45000.0
429,Germany,Historical,EV sales,Cars,BEV,2019,Vehicles,63000.0
430,Germany,Historical,EV sales,Cars,BEV,2020,Vehicles,190000.0
431,Germany,Historical,EV sales,Cars,PHEV,2020,Vehicles,200000.0
432,Germany,Historical,EV sales,Cars,FCEV,2020,Vehicles,200.0
433,Germany,Historical,EV sales,Cars,FCEV,2021,Vehicles,460.0
434,Germany,Historical,EV sales,Cars,PHEV,2021,Vehicles,330000.0
435,Germany,Historical,EV sales,Cars,BEV,2021,Vehicles,360000.0
436,Germany,Historical,EV sales,Cars,BEV,2022,Vehicles,470000.0
437,Germany,Historical,EV sales,Cars,PHEV,2022,Vehicles,360000.0
438,Germany,Historical,EV sales,Cars,FCEV,2022,Vehicles,840.0
439,Germany,Historical,EV sales,Cars,FCEV,2023,Vehicles,260.0
440,Germany,Historical,EV sales,Cars,PHEV,2023,Vehicles,180000.0
441,Germany,Historical,EV sales,Cars,BEV,2023,Vehicles,520000.0
442,Greece,Historical,EV sales,Cars,BEV,2013,Vehicles,3.0
443,Greece,Historical,EV sales,Cars,BEV,2014,Vehicles,39.0
444,Greece,Historical,EV sales,Cars,BEV,2015,Vehicles,35.0
445,Greece,Historical,EV sales,Cars,PHEV,2015,Vehicles,22.0
446,Greece,Historical,EV sales,Cars,PHEV,2016,Vehicles,56.0
447,Greece,Historical,EV sales,Cars,BEV,2016,Vehicles,41.0
448,Greece,Historical,EV sales,Cars,BEV,2017,Vehicles,50.0
449,Greece,Historical,EV sales,Cars,PHEV,2017,Vehicles,140.0
450,Greece,Historical,EV sales,Cars,PHEV,2018,Vehicles,210.0
451,Greece,Historical,EV sales,Cars,BEV,2018,Vehicles,88.0
452,Greece,Historical,EV sales,Cars,BEV,2019,Vehicles,190.0
453,Greece,Historical,EV sales,Cars,PHEV,2019,Vehicles,290.0
454,Greece,Historical,EV sales,Cars,PHEV,2020,Vehicles,1500.0
455,Greece,Historical,EV sales,Cars,BEV,2020,Vehicles,680.0
456,Greece,Historical,EV sales,Cars,BEV,2021,Vehicles,2200.0
457,Greece,Historical,EV sales,Cars,PHEV,2021,Vehicles,4800.0
458,Greece,Historical,EV sales,Cars,PHEV,2022,Vehicles,5500.0
459,Greece,Historical,EV sales,Cars,BEV,2022,Vehicles,2800.0
460,Greece,Historical,EV sales,Cars,BEV,2023,Vehicles,7000.0
461,Greece,Historical,EV sales,Cars,PHEV,2023,Vehicles,10000.0
462,Hungary,Historical,EV sales,Cars,PHEV,2015,Vehicles,15.0
463,Hungary,Historical,EV sales,Cars,BEV,2015,Vehicles,120.0
464,Hungary,Historical,EV sales,Cars,BEV,2016,Vehicles,170.0
465,Hungary,Historical,EV sales,Cars,PHEV,2016,Vehicles,170.0
466,Hungary,Historical,EV sales,Cars,PHEV,2017,Vehicles,440.0
467,Hungary,Historical,EV sales,Cars,BEV,2017,Vehicles,750.0
468,Hungary,Historical,EV sales,Cars,BEV,2018,Vehicles,1300.0
469,Hungary,Historical,EV sales,Cars,PHEV,2018,Vehicles,770.0
470,Hungary,Historical,EV sales,Cars,PHEV,2019,Vehicles,1100.0
471,Hungary,Historical,EV sales,Cars,BEV,2019,Vehicles,1800.0
472,Hungary,Historical,EV sales,Cars,BEV,2020,Vehicles,3000.0
473,Hungary,Historical,EV sales,Cars,PHEV,2020,Vehicles,3000.0
474,Hungary,Historical,EV sales,Cars,PHEV,2021,Vehicles,4200.0
475,Hungary,Historical,EV sales,Cars,BEV,2021,Vehicles,4300.0
476,Hungary,Historical,EV sales,Cars,BEV,2022,Vehicles,4700.0
477,Hungary,Historical,EV sales,Cars,PHEV,2022,Vehicles,4900.0
478,Hungary,Historical,EV sales,Cars,PHEV,2023,Vehicles,5500.0
479,Hungary,Historical,EV sales,Cars,BEV,2023,Vehicles,5800.0
480,Iceland,Historical,EV sales,Cars,FCEV,2010,Vehicles,11.0
481,Iceland,Historical,EV sales,Cars,BEV,2012,Vehicles,17.0
482,Iceland,Historical,EV sales,Cars,PHEV,2012,Vehicles,9.0
483,Iceland,Historical,EV sales,Cars,PHEV,2013,Vehicles,23.0
484,Iceland,Historical,EV sales,Cars,BEV,2013,Vehicles,80.0
485,Iceland,Historical,EV sales,Cars,BEV,2014,Vehicles,200.0
486,Iceland,Historical,EV sales,Cars,PHEV,2014,Vehicles,29.0
487,Iceland,Historical,EV sales,Cars,PHEV,2015,Vehicles,170.0
488,Iceland,Historical,EV sales,Cars,BEV,2015,Vehicles,390.0
489,Iceland,Historical,EV sales,Cars,BEV,2016,Vehicles,380.0
490,Iceland,Historical,EV sales,Cars,PHEV,2016,Vehicles,780.0
491,Iceland,Historical,EV sales,Cars,PHEV,2017,Vehicles,2200.0
492,Iceland,Historical,EV sales,Cars,BEV,2017,Vehicles,840.0
493,Iceland,Historical,EV sales,Cars,BEV,2018,Vehicles,780.0
494,Iceland,Historical,EV sales,Cars,FCEV,2018,Vehicles,16.0
495,Iceland,Historical,EV sales,Cars,PHEV,2018,Vehicles,2900.0
496,Iceland,Historical,EV sales,Cars,PHEV,2019,Vehicles,2000.0
497,Iceland,Historical,EV sales,Cars,FCEV,2019,Vehicles,7.0
498,Iceland,Historical,EV sales,Cars,BEV,2019,Vehicles,1100.0
499,Iceland,Historical,EV sales,Cars,BEV,2020,Vehicles,2500.0
500,Iceland,Historical,EV sales,Cars,FCEV,2020,Vehicles,1.0
501,Iceland,Historical,EV sales,Cars,PHEV,2020,Vehicles,2400.0
502,Iceland,Historical,EV sales,Cars,PHEV,2021,Vehicles,4900.0
503,Iceland,Historical,EV sales,Cars,FCEV,2021,Vehicles,3.0
504,Iceland,Historical,EV sales,Cars,BEV,2021,Vehicles,4200.0
505,Iceland,Historical,EV sales,Cars,BEV,2022,Vehicles,6900.0
506,Iceland,Historical,EV sales,Cars,PHEV,2022,Vehicles,5100.0
507,Iceland,Historical,EV sales,Cars,PHEV,2023,Vehicles,2400.0
508,Iceland,Historical,EV sales,Cars,FCEV,2023,Vehicles,1.0
509,Iceland,Historical,EV sales,Cars,BEV,2023,Vehicles,10000.0
510,India,Historical,EV sales,Cars,BEV,2010,Vehicles,450.0
511,India,Historical,EV sales,Cars,BEV,2011,Vehicles,1400.0
512,India,Historical,EV sales,Cars,BEV,2012,Vehicles,190.0
513,India,Historical,EV sales,Cars,BEV,2013,Vehicles,410.0
514,India,Historical,EV sales,Cars,BEV,2014,Vehicles,1000.0
515,India,Historical,EV sales,Cars,BEV,2015,Vehicles,450.0
516,India,Historical,EV sales,Cars,BEV,2016,Vehicles,730.0
517,India,Historical,EV sales,Cars,BEV,2017,Vehicles,920.0
518,India,Historical,EV sales,Cars,BEV,2018,Vehicles,920.0
519,India,Historical,EV sales,Cars,PHEV,2019,Vehicles,7.0
520,India,Historical,EV sales,Cars,BEV,2019,Vehicles,680.0
521,India,Historical,EV sales,Cars,BEV,2020,Vehicles,3100.0
522,India,Historical,EV sales,Cars,PHEV,2020,Vehicles,43.0
523,India,Historical,EV sales,Cars,PHEV,2021,Vehicles,50.0
524,India,Historical,EV sales,Cars,FCEV,2021,Vehicles,1.0
525,India,Historical,EV sales,Cars,BEV,2021,Vehicles,12000.0
526,India,Historical,EV sales,Cars,BEV,2022,Vehicles,48000.0
527,India,Historical,EV sales,Cars,FCEV,2022,Vehicles,2.0
528,India,Historical,EV sales,Cars,PHEV,2022,Vehicles,23.0
529,India,Historical,EV sales,Cars,PHEV,2023,Vehicles,270.0
530,India,Historical,EV sales,Cars,BEV,2023,Vehicles,82000.0
531,Ireland,Historical,EV sales,Cars,BEV,2015,Vehicles,470.0
532,Ireland,Historical,EV sales,Cars,PHEV,2015,Vehicles,120.0
533,Ireland,Historical,EV sales,Cars,PHEV,2016,Vehicles,300.0
534,Ireland,Historical,EV sales,Cars,BEV,2016,Vehicles,390.0
535,Ireland,Historical,EV sales,Cars,BEV,2017,Vehicles,620.0
536,Ireland,Historical,EV sales,Cars,PHEV,2017,Vehicles,330.0
537,Ireland,Historical,EV sales,Cars,PHEV,2018,Vehicles,740.0
538,Ireland,Historical,EV sales,Cars,BEV,2018,Vehicles,1200.0
539,Ireland,Historical,EV sales,Cars,BEV,2019,Vehicles,3400.0
540,Ireland,Historical,EV sales,Cars,PHEV,2019,Vehicles,1300.0
541,Ireland,Historical,EV sales,Cars,PHEV,2020,Vehicles,2500.0
542,Ireland,Historical,EV sales,Cars,BEV,2020,Vehicles,4000.0
543,Ireland,Historical,EV sales,Cars,BEV,2021,Vehicles,8600.0
544,Ireland,Historical,EV sales,Cars,PHEV,2021,Vehicles,7900.0
545,Ireland,Historical,EV sales,Cars,PHEV,2022,Vehicles,7700.0
546,Ireland,Historical,EV sales,Cars,BEV,2022,Vehicles,16000.0
547,Ireland,Historical,EV sales,Cars,BEV,2023,Vehicles,23000.0
548,Ireland,Historical,EV sales,Cars,PHEV,2023,Vehicles,10000.0
549,Israel,Historical,EV sales,Cars,BEV,2011,Vehicles,3.0
550,Israel,Historical,EV sales,Cars,BEV,2012,Vehicles,600.0
551,Israel,Historical,EV sales,Cars,PHEV,2012,Vehicles,1.0
552,Israel,Historical,EV sales,Cars,PHEV,2013,Vehicles,17.0
553,Israel,Historical,EV sales,Cars,BEV,2013,Vehicles,460.0
554,Israel,Historical,EV sales,Cars,BEV,2014,Vehicles,6.0
555,Israel,Historical,EV sales,Cars,PHEV,2014,Vehicles,52.0
556,Israel,Historical,EV sales,Cars,PHEV,2015,Vehicles,65.0
557,Israel,Historical,EV sales,Cars,BEV,2015,Vehicles,3.0
558,Israel,Historical,EV sales,Cars,BEV,2016,Vehicles,5.0
559,Israel,Historical,EV sales,Cars,PHEV,2016,Vehicles,63.0
560,Israel,Historical,EV sales,Cars,PHEV,2017,Vehicles,1500.0
561,Israel,Historical,EV sales,Cars,BEV,2017,Vehicles,130.0
562,Israel,Historical,EV sales,Cars,BEV,2018,Vehicles,130.0
563,Israel,Historical,EV sales,Cars,PHEV,2018,Vehicles,3600.0
564,Israel,Historical,EV sales,Cars,PHEV,2019,Vehicles,3900.0
565,Israel,Historical,EV sales,Cars,BEV,2019,Vehicles,850.0
566,Israel,Historical,EV sales,Cars,BEV,2020,Vehicles,1500.0
567,Israel,Historical,EV sales,Cars,PHEV,2020,Vehicles,5400.0
568,Israel,Historical,EV sales,Cars,PHEV,2021,Vehicles,13000.0
569,Israel,Historical,EV sales,Cars,BEV,2021,Vehicles,11000.0
570,Israel,Historical,EV sales,Cars,BEV,2022,Vehicles,27000.0
571,Israel,Historical,EV sales,Cars,PHEV,2022,Vehicles,16000.0
572,Israel,Historical,EV sales,Cars,PHEV,2023,Vehicles,16000.0
573,Israel,Historical,EV sales,Cars,BEV,2023,Vehicles,49000.0
574,Italy,Historical,EV sales,Cars,BEV,2010,Vehicles,40.0
575,Italy,Historical,EV sales,Cars,BEV,2011,Vehicles,110.0
576,Italy,Historical,EV sales,Cars,BEV,2012,Vehicles,460.0
577,Italy,Historical,EV sales,Cars,BEV,2013,Vehicles,860.0
578,Italy,Historical,EV sales,Cars,PHEV,2013,Vehicles,180.0
579,Italy,Historical,EV sales,Cars,PHEV,2014,Vehicles,340.0
580,Italy,Historical,EV sales,Cars,FCEV,2014,Vehicles,10.0
581,Italy,Historical,EV sales,Cars,BEV,2014,Vehicles,1000.0
582,Italy,Historical,EV sales,Cars,BEV,2015,Vehicles,1500.0
583,Italy,Historical,EV sales,Cars,FCEV,2015,Vehicles,1.0
584,Italy,Historical,EV sales,Cars,PHEV,2015,Vehicles,740.0
585,Italy,Historical,EV sales,Cars,PHEV,2016,Vehicles,1300.0
586,Italy,Historical,EV sales,Cars,BEV,2016,Vehicles,1400.0
587,Italy,Historical,EV sales,Cars,BEV,2017,Vehicles,2000.0
588,Italy,Historical,EV sales,Cars,PHEV,2017,Vehicles,2900.0
589,Italy,Historical,EV sales,Cars,PHEV,2018,Vehicles,4700.0
590,Italy,Historical,EV sales,Cars,FCEV,2018,Vehicles,1.0
591,Italy,Historical,EV sales,Cars,BEV,2018,Vehicles,5000.0
592,Italy,Historical,EV sales,Cars,BEV,2019,Vehicles,11000.0
593,Italy,Historical,EV sales,Cars,FCEV,2019,Vehicles,17.0
594,Italy,Historical,EV sales,Cars,PHEV,2019,Vehicles,6500.0
595,Italy,Historical,EV sales,Cars,PHEV,2020,Vehicles,27000.0
596,Italy,Historical,EV sales,Cars,FCEV,2020,Vehicles,7.0
597,Italy,Historical,EV sales,Cars,BEV,2020,Vehicles,33000.0
598,Italy,Historical,EV sales,Cars,BEV,2021,Vehicles,67000.0
599,Italy,Historical,EV sales,Cars,FCEV,2021,Vehicles,10.0
600,Italy,Historical,EV sales,Cars,PHEV,2021,Vehicles,71000.0
601,Italy,Historical,EV sales,Cars,PHEV,2022,Vehicles,65000.0
602,Italy,Historical,EV sales,Cars,FCEV,2022,Vehicles,11.0
603,Italy,Historical,EV sales,Cars,BEV,2022,Vehicles,49000.0
604,Italy,Historical,EV sales,Cars,BEV,2023,Vehicles,66000.0
605,Italy,Historical,EV sales,Cars,FCEV,2023,Vehicles,2.0
606,Italy,Historical,EV sales,Cars,PHEV,2023,Vehicles,70000.0
607,Japan,Historical,EV sales,Cars,BEV,2010,Vehicles,2400.0
608,Japan,Historical,EV sales,Cars,FCEV,2010,Vehicles,2.0
609,Japan,Historical,EV sales,Cars,PHEV,2011,Vehicles,15.0
610,Japan,Historical,EV sales,Cars,BEV,2011,Vehicles,13000.0
611,Japan,Historical,EV sales,Cars,BEV,2012,Vehicles,13000.0
612,Japan,Historical,EV sales,Cars,PHEV,2012,Vehicles,11000.0
613,Japan,Historical,EV sales,Cars,FCEV,2012,Vehicles,1.0
614,Japan,Historical,EV sales,Cars,FCEV,2013,Vehicles,4.0
615,Japan,Historical,EV sales,Cars,PHEV,2013,Vehicles,14000.0
616,Japan,Historical,EV sales,Cars,BEV,2013,Vehicles,15000.0
617,Japan,Historical,EV sales,Cars,BEV,2014,Vehicles,16000.0
618,Japan,Historical,EV sales,Cars,PHEV,2014,Vehicles,16000.0
619,Japan,Historical,EV sales,Cars,FCEV,2014,Vehicles,7.0
620,Japan,Historical,EV sales,Cars,FCEV,2015,Vehicles,390.0
621,Japan,Historical,EV sales,Cars,BEV,2015,Vehicles,10000.0
622,Japan,Historical,EV sales,Cars,PHEV,2015,Vehicles,14000.0
623,Japan,Historical,EV sales,Cars,PHEV,2016,Vehicles,9400.0
624,Japan,Historical,EV sales,Cars,BEV,2016,Vehicles,15000.0
625,Japan,Historical,EV sales,Cars,FCEV,2016,Vehicles,1100.0
626,Japan,Historical,EV sales,Cars,FCEV,2017,Vehicles,850.0
627,Japan,Historical,EV sales,Cars,BEV,2017,Vehicles,18000.0
628,Japan,Historical,EV sales,Cars,PHEV,2017,Vehicles,36000.0
629,Japan,Historical,EV sales,Cars,PHEV,2018,Vehicles,23000.0
630,Japan,Historical,EV sales,Cars,BEV,2018,Vehicles,27000.0
631,Japan,Historical,EV sales,Cars,FCEV,2018,Vehicles,610.0
632,Japan,Historical,EV sales,Cars,FCEV,2019,Vehicles,670.0
633,Japan,Historical,EV sales,Cars,BEV,2019,Vehicles,21000.0
634,Japan,Historical,EV sales,Cars,PHEV,2019,Vehicles,18000.0
635,Japan,Historical,EV sales,Cars,PHEV,2020,Vehicles,15000.0
636,Japan,Historical,EV sales,Cars,BEV,2020,Vehicles,15000.0
637,Japan,Historical,EV sales,Cars,FCEV,2020,Vehicles,490.0
638,Japan,Historical,EV sales,Cars,FCEV,2021,Vehicles,2500.0
639,Japan,Historical,EV sales,Cars,BEV,2021,Vehicles,22000.0
640,Japan,Historical,EV sales,Cars,PHEV,2021,Vehicles,23000.0
641,Japan,Historical,EV sales,Cars,PHEV,2022,Vehicles,38000.0
642,Japan,Historical,EV sales,Cars,BEV,2022,Vehicles,59000.0
643,Japan,Historical,EV sales,Cars,FCEV,2022,Vehicles,990.0
644,Japan,Historical,EV sales,Cars,FCEV,2023,Vehicles,320.0
645,Japan,Historical,EV sales,Cars,BEV,2023,Vehicles,88000.0
646,Japan,Historical,EV sales,Cars,PHEV,2023,Vehicles,52000.0
647,Korea,Historical,EV sales,Cars,BEV,2010,Vehicles,61.0
648,Korea,Historical,EV sales,Cars,BEV,2011,Vehicles,270.0
649,Korea,Historical,EV sales,Cars,BEV,2012,Vehicles,510.0
650,Korea,Historical,EV sales,Cars,BEV,2013,Vehicles,600.0
651,Korea,Historical,EV sales,Cars,BEV,2014,Vehicles,1300.0
652,Korea,Historical,EV sales,Cars,BEV,2015,Vehicles,3100.0
653,Korea,Historical,EV sales,Cars,PHEV,2015,Vehicles,250.0
654,Korea,Historical,EV sales,Cars,FCEV,2015,Vehicles,29.0
655,Korea,Historical,EV sales,Cars,FCEV,2016,Vehicles,58.0
656,Korea,Historical,EV sales,Cars,PHEV,2016,Vehicles,330.0
657,Korea,Historical,EV sales,Cars,BEV,2016,Vehicles,4700.0
658,Korea,Historical,EV sales,Cars,BEV,2017,Vehicles,14000.0
659,Korea,Historical,EV sales,Cars,PHEV,2017,Vehicles,670.0
660,Korea,Historical,EV sales,Cars,FCEV,2017,Vehicles,75.0
661,Korea,Historical,EV sales,Cars,FCEV,2018,Vehicles,910.0
662,Korea,Historical,EV sales,Cars,PHEV,2018,Vehicles,4400.0
663,Korea,Historical,EV sales,Cars,BEV,2018,Vehicles,55000.0
664,Korea,Historical,EV sales,Cars,BEV,2019,Vehicles,33000.0
665,Korea,Historical,EV sales,Cars,PHEV,2019,Vehicles,2700.0
666,Korea,Historical,EV sales,Cars,FCEV,2019,Vehicles,4200.0
667,Korea,Historical,EV sales,Cars,FCEV,2020,Vehicles,5000.0
668,Korea,Historical,EV sales,Cars,PHEV,2020,Vehicles,8700.0
669,Korea,Historical,EV sales,Cars,BEV,2020,Vehicles,31000.0
670,Korea,Historical,EV sales,Cars,BEV,2021,Vehicles,72000.0
671,Korea,Historical,EV sales,Cars,PHEV,2021,Vehicles,19000.0
672,Korea,Historical,EV sales,Cars,FCEV,2021,Vehicles,9200.0
673,Korea,Historical,EV sales,Cars,FCEV,2022,Vehicles,10000.0
674,Korea,Historical,EV sales,Cars,PHEV,2022,Vehicles,11000.0
675,Korea,Historical,EV sales,Cars,BEV,2022,Vehicles,120000.0
676,Korea,Historical,EV sales,Cars,BEV,2023,Vehicles,120000.0
677,Korea,Historical,EV sales,Cars,PHEV,2023,Vehicles,12000.0
678,Korea,Historical,EV sales,Cars,FCEV,2023,Vehicles,4300.0
679,Luxembourg,Historical,EV sales,Cars,PHEV,2019,Vehicles,910.0
680,Luxembourg,Historical,EV sales,Cars,BEV,2019,Vehicles,990.0
681,Luxembourg,Historical,EV sales,Cars,BEV,2020,Vehicles,2500.0
682,Luxembourg,Historical,EV sales,Cars,PHEV,2020,Vehicles,2700.0
683,Luxembourg,Historical,EV sales,Cars,PHEV,2021,Vehicles,4400.0
684,Luxembourg,Historical,EV sales,Cars,BEV,2021,Vehicles,4600.0
685,Luxembourg,Historical,EV sales,Cars,BEV,2022,Vehicles,6400.0
686,Luxembourg,Historical,EV sales,Cars,PHEV,2022,Vehicles,3800.0
687,Luxembourg,Historical,EV sales,Cars,PHEV,2023,Vehicles,4800.0
688,Luxembourg,Historical,EV sales,Cars,BEV,2023,Vehicles,11000.0
689,Mexico,Historical,EV sales,Cars,BEV,2011,Vehicles,3.0
690,Mexico,Historical,EV sales,Cars,BEV,2012,Vehicles,88.0
691,Mexico,Historical,EV sales,Cars,BEV,2013,Vehicles,12.0
692,Mexico,Historical,EV sales,Cars,BEV,2014,Vehicles,48.0
693,Mexico,Historical,EV sales,Cars,BEV,2015,Vehicles,92.0
694,Mexico,Historical,EV sales,Cars,PHEV,2015,Vehicles,7.0
695,Mexico,Historical,EV sales,Cars,PHEV,2016,Vehicles,520.0
696,Mexico,Historical,EV sales,Cars,BEV,2016,Vehicles,250.0
697,Mexico,Historical,EV sales,Cars,BEV,2017,Vehicles,230.0
698,Mexico,Historical,EV sales,Cars,PHEV,2017,Vehicles,970.0
699,Mexico,Historical,EV sales,Cars,PHEV,2018,Vehicles,1600.0
700,Mexico,Historical,EV sales,Cars,BEV,2018,Vehicles,200.0
701,Mexico,Historical,EV sales,Cars,BEV,2019,Vehicles,290.0
702,Mexico,Historical,EV sales,Cars,PHEV,2019,Vehicles,1400.0
703,Mexico,Historical,EV sales,Cars,PHEV,2020,Vehicles,2000.0
704,Mexico,Historical,EV sales,Cars,BEV,2020,Vehicles,1800.0
705,Mexico,Historical,EV sales,Cars,BEV,2021,Vehicles,3000.0
706,Mexico,Historical,EV sales,Cars,PHEV,2021,Vehicles,3500.0
707,Mexico,Historical,EV sales,Cars,PHEV,2022,Vehicles,4000.0
708,Mexico,Historical,EV sales,Cars,BEV,2022,Vehicles,4400.0
709,Mexico,Historical,EV sales,Cars,BEV,2023,Vehicles,13000.0
710,Mexico,Historical,EV sales,Cars,PHEV,2023,Vehicles,2200.0
711,Netherlands,Historical,EV sales,Cars,BEV,2010,Vehicles,120.0
712,Netherlands,Historical,EV sales,Cars,PHEV,2011,Vehicles,17.0
713,Netherlands,Historical,EV sales,Cars,BEV,2011,Vehicles,860.0
714,Netherlands,Historical,EV sales,Cars,BEV,2012,Vehicles,790.0
715,Netherlands,Historical,EV sales,Cars,PHEV,2012,Vehicles,4300.0
716,Netherlands,Historical,EV sales,Cars,PHEV,2013,Vehicles,20000.0
717,Netherlands,Historical,EV sales,Cars,BEV,2013,Vehicles,2600.0
718,Netherlands,Historical,EV sales,Cars,FCEV,2014,Vehicles,2.200000047683716
719,Netherlands,Historical,EV sales,Cars,BEV,2014,Vehicles,2700.0
720,Netherlands,Historical,EV sales,Cars,PHEV,2014,Vehicles,12000.0
721,Netherlands,Historical,EV sales,Cars,PHEV,2015,Vehicles,39000.0
722,Netherlands,Historical,EV sales,Cars,BEV,2015,Vehicles,3400.0
723,Netherlands,Historical,EV sales,Cars,FCEV,2015,Vehicles,19.0
724,Netherlands,Historical,EV sales,Cars,FCEV,2016,Vehicles,7.0
725,Netherlands,Historical,EV sales,Cars,BEV,2016,Vehicles,4000.0
726,Netherlands,Historical,EV sales,Cars,PHEV,2016,Vehicles,18000.0
727,Netherlands,Historical,EV sales,Cars,PHEV,2017,Vehicles,2500.0
728,Netherlands,Historical,EV sales,Cars,BEV,2017,Vehicles,8700.0
729,Netherlands,Historical,EV sales,Cars,FCEV,2017,Vehicles,7.0
730,Netherlands,Historical,EV sales,Cars,FCEV,2018,Vehicles,13.0
731,Netherlands,Historical,EV sales,Cars,BEV,2018,Vehicles,25000.0
732,Netherlands,Historical,EV sales,Cars,PHEV,2018,Vehicles,5100.0
733,Netherlands,Historical,EV sales,Cars,PHEV,2019,Vehicles,6700.0
734,Netherlands,Historical,EV sales,Cars,BEV,2019,Vehicles,63000.0
735,Netherlands,Historical,EV sales,Cars,FCEV,2019,Vehicles,160.0
736,Netherlands,Historical,EV sales,Cars,FCEV,2020,Vehicles,170.0
737,Netherlands,Historical,EV sales,Cars,BEV,2020,Vehicles,76000.0
738,Netherlands,Historical,EV sales,Cars,PHEV,2020,Vehicles,18000.0
739,Netherlands,Historical,EV sales,Cars,PHEV,2021,Vehicles,40000.0
740,Netherlands,Historical,EV sales,Cars,BEV,2021,Vehicles,70000.0
741,Netherlands,Historical,EV sales,Cars,FCEV,2021,Vehicles,140.0
742,Netherlands,Historical,EV sales,Cars,FCEV,2022,Vehicles,87.0
743,Netherlands,Historical,EV sales,Cars,BEV,2022,Vehicles,87000.0
744,Netherlands,Historical,EV sales,Cars,PHEV,2022,Vehicles,50000.0
745,Netherlands,Historical,EV sales,Cars,PHEV,2023,Vehicles,80000.0
746,Netherlands,Historical,EV sales,Cars,BEV,2023,Vehicles,130000.0
747,Netherlands,Historical,EV sales,Cars,FCEV,2023,Vehicles,65.0
748,New Zealand,Historical,EV sales,Cars,BEV,2010,Vehicles,10.0
749,New Zealand,Historical,EV sales,Cars,BEV,2011,Vehicles,13.0
750,New Zealand,Historical,EV sales,Cars,PHEV,2011,Vehicles,2.0
751,New Zealand,Historical,EV sales,Cars,PHEV,2012,Vehicles,5.0
752,New Zealand,Historical,EV sales,Cars,BEV,2012,Vehicles,22.0
753,New Zealand,Historical,EV sales,Cars,BEV,2013,Vehicles,30.0
754,New Zealand,Historical,EV sales,Cars,PHEV,2013,Vehicles,6.0
755,New Zealand,Historical,EV sales,Cars,PHEV,2014,Vehicles,210.0
756,New Zealand,Historical,EV sales,Cars,BEV,2014,Vehicles,110.0
757,New Zealand,Historical,EV sales,Cars,BEV,2015,Vehicles,300.0
758,New Zealand,Historical,EV sales,Cars,PHEV,2015,Vehicles,200.0
759,New Zealand,Historical,EV sales,Cars,PHEV,2016,Vehicles,340.0
760,New Zealand,Historical,EV sales,Cars,BEV,2016,Vehicles,1200.0
761,New Zealand,Historical,EV sales,Cars,BEV,2017,Vehicles,2900.0
762,New Zealand,Historical,EV sales,Cars,PHEV,2017,Vehicles,540.0
763,New Zealand,Historical,EV sales,Cars,PHEV,2018,Vehicles,1200.0
764,New Zealand,Historical,EV sales,Cars,BEV,2018,Vehicles,4400.0
765,New Zealand,Historical,EV sales,Cars,BEV,2019,Vehicles,5300.0
766,New Zealand,Historical,EV sales,Cars,PHEV,2019,Vehicles,1600.0
767,New Zealand,Historical,EV sales,Cars,FCEV,2019,Vehicles,2.0
768,New Zealand,Historical,EV sales,Cars,FCEV,2020,Vehicles,3.0
769,New Zealand,Historical,EV sales,Cars,PHEV,2020,Vehicles,1500.0
770,New Zealand,Historical,EV sales,Cars,BEV,2020,Vehicles,3900.0
771,New Zealand,Historical,EV sales,Cars,BEV,2021,Vehicles,6800.0
772,New Zealand,Historical,EV sales,Cars,PHEV,2021,Vehicles,3500.0
773,New Zealand,Historical,EV sales,Cars,FCEV,2021,Vehicles,1.0
774,New Zealand,Historical,EV sales,Cars,FCEV,2022,Vehicles,10.0
775,New Zealand,Historical,EV sales,Cars,PHEV,2022,Vehicles,9200.0
776,New Zealand,Historical,EV sales,Cars,BEV,2022,Vehicles,19000.0
777,New Zealand,Historical,EV sales,Cars,BEV,2023,Vehicles,26000.0
778,New Zealand,Historical,EV sales,Cars,PHEV,2023,Vehicles,12000.0
779,New Zealand,Historical,EV sales,Cars,FCEV,2023,Vehicles,4.0
780,Norway,Historical,EV sales,Cars,BEV,2010,Vehicles,360.0
781,Norway,Historical,EV sales,Cars,BEV,2011,Vehicles,2000.0
782,Norway,Historical,EV sales,Cars,PHEV,2012,Vehicles,320.0
783,Norway,Historical,EV sales,Cars,BEV,2012,Vehicles,3900.0
784,Norway,Historical,EV sales,Cars,BEV,2013,Vehicles,7900.0
785,Norway,Historical,EV sales,Cars,PHEV,2013,Vehicles,340.0
786,Norway,Historical,EV sales,Cars,PHEV,2014,Vehicles,1700.0
787,Norway,Historical,EV sales,Cars,FCEV,2014,Vehicles,4.0
788,Norway,Historical,EV sales,Cars,BEV,2014,Vehicles,20000.0
789,Norway,Historical,EV sales,Cars,BEV,2015,Vehicles,26000.0
790,Norway,Historical,EV sales,Cars,FCEV,2015,Vehicles,9.0
791,Norway,Historical,EV sales,Cars,PHEV,2015,Vehicles,7900.0
792,Norway,Historical,EV sales,Cars,PHEV,2016,Vehicles,21000.0
793,Norway,Historical,EV sales,Cars,FCEV,2016,Vehicles,20.0
794,Norway,Historical,EV sales,Cars,BEV,2016,Vehicles,24000.0
795,Norway,Historical,EV sales,Cars,BEV,2017,Vehicles,33000.0
796,Norway,Historical,EV sales,Cars,FCEV,2017,Vehicles,30.0
797,Norway,Historical,EV sales,Cars,PHEV,2017,Vehicles,29000.0
798,Norway,Historical,EV sales,Cars,PHEV,2018,Vehicles,27000.0
799,Norway,Historical,EV sales,Cars,FCEV,2018,Vehicles,45.0
800,Norway,Historical,EV sales,Cars,BEV,2018,Vehicles,46000.0
801,Norway,Historical,EV sales,Cars,BEV,2019,Vehicles,60000.0
802,Norway,Historical,EV sales,Cars,FCEV,2019,Vehicles,29.0
803,Norway,Historical,EV sales,Cars,PHEV,2019,Vehicles,19000.0
804,Norway,Historical,EV sales,Cars,PHEV,2020,Vehicles,29000.0
805,Norway,Historical,EV sales,Cars,FCEV,2020,Vehicles,16.0
806,Norway,Historical,EV sales,Cars,BEV,2020,Vehicles,77000.0
807,Norway,Historical,EV sales,Cars,BEV,2021,Vehicles,110000.0
808,Norway,Historical,EV sales,Cars,FCEV,2021,Vehicles,39.0
809,Norway,Historical,EV sales,Cars,PHEV,2021,Vehicles,38000.0
810,Norway,Historical,EV sales,Cars,PHEV,2022,Vehicles,16000.0
811,Norway,Historical,EV sales,Cars,FCEV,2022,Vehicles,27.0
812,Norway,Historical,EV sales,Cars,BEV,2022,Vehicles,140000.0
813,Norway,Historical,EV sales,Cars,BEV,2023,Vehicles,100000.0
814,Norway,Historical,EV sales,Cars,FCEV,2023,Vehicles,6.0
815,Norway,Historical,EV sales,Cars,PHEV,2023,Vehicles,10000.0
816,Poland,Historical,EV sales,Cars,BEV,2010,Vehicles,15.0
817,Poland,Historical,EV sales,Cars,PHEV,2010,Vehicles,1.0
818,Poland,Historical,EV sales,Cars,BEV,2011,Vehicles,43.0
819,Poland,Historical,EV sales,Cars,BEV,2012,Vehicles,44.0
820,Poland,Historical,EV sales,Cars,PHEV,2012,Vehicles,4.0
821,Poland,Historical,EV sales,Cars,PHEV,2013,Vehicles,6.0
822,Poland,Historical,EV sales,Cars,BEV,2013,Vehicles,31.0
823,Poland,Historical,EV sales,Cars,BEV,2014,Vehicles,140.0
824,Poland,Historical,EV sales,Cars,PHEV,2014,Vehicles,61.0
825,Poland,Historical,EV sales,Cars,PHEV,2015,Vehicles,150.0
826,Poland,Historical,EV sales,Cars,BEV,2015,Vehicles,70.0
827,Poland,Historical,EV sales,Cars,BEV,2016,Vehicles,110.0
828,Poland,Historical,EV sales,Cars,PHEV,2016,Vehicles,400.0
829,Poland,Historical,EV sales,Cars,PHEV,2017,Vehicles,640.0
830,Poland,Historical,EV sales,Cars,BEV,2017,Vehicles,440.0
831,Poland,Historical,EV sales,Cars,BEV,2018,Vehicles,620.0
832,Poland,Historical,EV sales,Cars,FCEV,2018,Vehicles,1.0
833,Poland,Historical,EV sales,Cars,PHEV,2018,Vehicles,760.0
834,Poland,Historical,EV sales,Cars,PHEV,2019,Vehicles,1200.0
835,Poland,Historical,EV sales,Cars,BEV,2019,Vehicles,1500.0
836,Poland,Historical,EV sales,Cars,BEV,2020,Vehicles,3700.0
837,Poland,Historical,EV sales,Cars,PHEV,2020,Vehicles,4500.0
838,Poland,Historical,EV sales,Cars,PHEV,2021,Vehicles,9100.0
839,Poland,Historical,EV sales,Cars,FCEV,2021,Vehicles,78.0
840,Poland,Historical,EV sales,Cars,BEV,2021,Vehicles,7200.0
841,Poland,Historical,EV sales,Cars,BEV,2022,Vehicles,14000.0
842,Poland,Historical,EV sales,Cars,FCEV,2022,Vehicles,46.0
843,Poland,Historical,EV sales,Cars,PHEV,2022,Vehicles,11000.0
844,Poland,Historical,EV sales,Cars,PHEV,2023,Vehicles,13000.0
845,Poland,Historical,EV sales,Cars,FCEV,2023,Vehicles,83.0
846,Poland,Historical,EV sales,Cars,BEV,2023,Vehicles,17000.0
847,Portugal,Historical,EV sales,Cars,BEV,2010,Vehicles,13.0
848,Portugal,Historical,EV sales,Cars,BEV,2011,Vehicles,170.0
849,Portugal,Historical,EV sales,Cars,PHEV,2011,Vehicles,2.0
850,Portugal,Historical,EV sales,Cars,PHEV,2012,Vehicles,30.0
851,Portugal,Historical,EV sales,Cars,BEV,2012,Vehicles,54.0
852,Portugal,Historical,EV sales,Cars,BEV,2013,Vehicles,150.0
853,Portugal,Historical,EV sales,Cars,PHEV,2013,Vehicles,35.0
854,Portugal,Historical,EV sales,Cars,PHEV,2014,Vehicles,98.0
855,Portugal,Historical,EV sales,Cars,BEV,2014,Vehicles,190.0
856,Portugal,Historical,EV sales,Cars,BEV,2015,Vehicles,670.0
857,Portugal,Historical,EV sales,Cars,PHEV,2015,Vehicles,430.0
858,Portugal,Historical,EV sales,Cars,PHEV,2016,Vehicles,1000.0
859,Portugal,Historical,EV sales,Cars,BEV,2016,Vehicles,800.0
860,Portugal,Historical,EV sales,Cars,BEV,2017,Vehicles,1900.0
861,Portugal,Historical,EV sales,Cars,PHEV,2017,Vehicles,2500.0
862,Portugal,Historical,EV sales,Cars,PHEV,2018,Vehicles,3900.0
863,Portugal,Historical,EV sales,Cars,BEV,2018,Vehicles,4300.0
864,Portugal,Historical,EV sales,Cars,BEV,2019,Vehicles,6800.0
865,Portugal,Historical,EV sales,Cars,PHEV,2019,Vehicles,5800.0
866,Portugal,Historical,EV sales,Cars,PHEV,2020,Vehicles,12000.0
867,Portugal,Historical,EV sales,Cars,BEV,2020,Vehicles,7800.0
868,Portugal,Historical,EV sales,Cars,BEV,2021,Vehicles,13000.0
869,Portugal,Historical,EV sales,Cars,PHEV,2021,Vehicles,16000.0
870,Portugal,Historical,EV sales,Cars,FCEV,2021,Vehicles,1.0
871,Portugal,Historical,EV sales,Cars,PHEV,2022,Vehicles,16000.0
872,Portugal,Historical,EV sales,Cars,BEV,2022,Vehicles,18000.0
873,Portugal,Historical,EV sales,Cars,BEV,2023,Vehicles,36000.0
874,Portugal,Historical,EV sales,Cars,PHEV,2023,Vehicles,27000.0
875,Portugal,Historical,EV sales,Cars,FCEV,2023,Vehicles,2.0
903,Romania,Historical,EV sales,Cars,BEV,2015,Vehicles,24.0
904,Romania,Historical,EV sales,Cars,BEV,2016,Vehicles,74.0
905,Romania,Historical,EV sales,Cars,BEV,2017,Vehicles,190.0
906,Romania,Historical,EV sales,Cars,BEV,2018,Vehicles,600.0
907,Romania,Historical,EV sales,Cars,BEV,2019,Vehicles,1500.0
908,Romania,Historical,EV sales,Cars,BEV,2020,Vehicles,2800.0
909,Romania,Historical,EV sales,Cars,PHEV,2020,Vehicles,1000.0
910,Romania,Historical,EV sales,Cars,BEV,2021,Vehicles,6300.0
911,Romania,Historical,EV sales,Cars,BEV,2022,Vehicles,12000.0
912,Romania,Historical,EV sales,Cars,BEV,2023,Vehicles,15000.0
913,Slovakia,Historical,EV sales,Cars,BEV,2015,Vehicles,52.0
914,Slovakia,Historical,EV sales,Cars,BEV,2016,Vehicles,59.0
915,Slovakia,Historical,EV sales,Cars,BEV,2017,Vehicles,210.0
916,Slovakia,Historical,EV sales,Cars,BEV,2018,Vehicles,290.0
917,Slovakia,Historical,EV sales,Cars,BEV,2019,Vehicles,160.0
918,Slovakia,Historical,EV sales,Cars,PHEV,2019,Vehicles,200.0
919,Slovakia,Historical,EV sales,Cars,PHEV,2020,Vehicles,860.0
920,Slovakia,Historical,EV sales,Cars,BEV,2020,Vehicles,920.0
921,Slovakia,Historical,EV sales,Cars,BEV,2021,Vehicles,1100.0
922,Slovakia,Historical,EV sales,Cars,PHEV,2021,Vehicles,1200.0
923,Slovakia,Historical,EV sales,Cars,PHEV,2022,Vehicles,1600.0
924,Slovakia,Historical,EV sales,Cars,BEV,2022,Vehicles,1400.0
925,Slovakia,Historical,EV sales,Cars,BEV,2023,Vehicles,2300.0
926,Slovakia,Historical,EV sales,Cars,PHEV,2023,Vehicles,3000.0
927,Slovenia,Historical,EV sales,Cars,PHEV,2016,Vehicles,46.0
928,Slovenia,Historical,EV sales,Cars,BEV,2016,Vehicles,140.0
929,Slovenia,Historical,EV sales,Cars,BEV,2017,Vehicles,290.0
930,Slovenia,Historical,EV sales,Cars,PHEV,2017,Vehicles,170.0
931,Slovenia,Historical,EV sales,Cars,PHEV,2018,Vehicles,190.0
932,Slovenia,Historical,EV sales,Cars,BEV,2018,Vehicles,470.0
933,Slovenia,Historical,EV sales,Cars,BEV,2019,Vehicles,190.0
934,Slovenia,Historical,EV sales,Cars,PHEV,2019,Vehicles,28.0
935,Slovenia,Historical,EV sales,Cars,PHEV,2020,Vehicles,39.0
936,Slovenia,Historical,EV sales,Cars,BEV,2020,Vehicles,1600.0
937,Slovenia,Historical,EV sales,Cars,BEV,2021,Vehicles,1700.0
938,Slovenia,Historical,EV sales,Cars,PHEV,2021,Vehicles,310.0
939,Slovenia,Historical,EV sales,Cars,PHEV,2022,Vehicles,590.0
940,Slovenia,Historical,EV sales,Cars,BEV,2022,Vehicles,2300.0
941,Slovenia,Historical,EV sales,Cars,BEV,2023,Vehicles,4300.0
942,Slovenia,Historical,EV sales,Cars,PHEV,2023,Vehicles,1000.0
943,Spain,Historical,EV sales,Cars,BEV,2010,Vehicles,76.0
944,Spain,Historical,EV sales,Cars,BEV,2011,Vehicles,390.0
945,Spain,Historical,EV sales,Cars,PHEV,2011,Vehicles,8.0
946,Spain,Historical,EV sales,Cars,PHEV,2012,Vehicles,110.0
947,Spain,Historical,EV sales,Cars,BEV,2012,Vehicles,430.0
948,Spain,Historical,EV sales,Cars,BEV,2013,Vehicles,810.0
949,Spain,Historical,EV sales,Cars,PHEV,2013,Vehicles,72.0
950,Spain,Historical,EV sales,Cars,PHEV,2014,Vehicles,330.0
951,Spain,Historical,EV sales,Cars,BEV,2014,Vehicles,1400.0
952,Spain,Historical,EV sales,Cars,BEV,2015,Vehicles,1300.0
953,Spain,Historical,EV sales,Cars,PHEV,2015,Vehicles,780.0
954,Spain,Historical,EV sales,Cars,PHEV,2016,Vehicles,1500.0
955,Spain,Historical,EV sales,Cars,BEV,2016,Vehicles,2000.0
956,Spain,Historical,EV sales,Cars,BEV,2017,Vehicles,3900.0
957,Spain,Historical,EV sales,Cars,PHEV,2017,Vehicles,3500.0
958,Spain,Historical,EV sales,Cars,PHEV,2018,Vehicles,5600.0
959,Spain,Historical,EV sales,Cars,FCEV,2018,Vehicles,1.0
960,Spain,Historical,EV sales,Cars,BEV,2018,Vehicles,6000.0
961,Spain,Historical,EV sales,Cars,BEV,2019,Vehicles,10000.0
962,Spain,Historical,EV sales,Cars,FCEV,2019,Vehicles,1.0
963,Spain,Historical,EV sales,Cars,PHEV,2019,Vehicles,7400.0
964,Spain,Historical,EV sales,Cars,PHEV,2020,Vehicles,24000.0
965,Spain,Historical,EV sales,Cars,FCEV,2020,Vehicles,7.0
966,Spain,Historical,EV sales,Cars,BEV,2020,Vehicles,18000.0
967,Spain,Historical,EV sales,Cars,BEV,2021,Vehicles,24000.0
968,Spain,Historical,EV sales,Cars,FCEV,2021,Vehicles,10.0
969,Spain,Historical,EV sales,Cars,PHEV,2021,Vehicles,43000.0
970,Spain,Historical,EV sales,Cars,PHEV,2022,Vehicles,49000.0
971,Spain,Historical,EV sales,Cars,FCEV,2022,Vehicles,4.0
972,Spain,Historical,EV sales,Cars,BEV,2022,Vehicles,33000.0
973,Spain,Historical,EV sales,Cars,BEV,2023,Vehicles,57000.0
974,Spain,Historical,EV sales,Cars,FCEV,2023,Vehicles,4.0
975,Spain,Historical,EV sales,Cars,PHEV,2023,Vehicles,65000.0
976,Sweden,Historical,EV sales,Cars,BEV,2010,Vehicles,4.0
977,Sweden,Historical,EV sales,Cars,BEV,2011,Vehicles,180.0
978,Sweden,Historical,EV sales,Cars,PHEV,2012,Vehicles,660.0
979,Sweden,Historical,EV sales,Cars,BEV,2012,Vehicles,270.0
980,Sweden,Historical,EV sales,Cars,BEV,2013,Vehicles,430.0
981,Sweden,Historical,EV sales,Cars,PHEV,2013,Vehicles,1100.0
982,Sweden,Historical,EV sales,Cars,FCEV,2013,Vehicles,3.0
983,Sweden,Historical,EV sales,Cars,PHEV,2014,Vehicles,3400.0
984,Sweden,Historical,EV sales,Cars,BEV,2014,Vehicles,1200.0
985,Sweden,Historical,EV sales,Cars,BEV,2015,Vehicles,3000.0
986,Sweden,Historical,EV sales,Cars,PHEV,2015,Vehicles,5700.0
987,Sweden,Historical,EV sales,Cars,FCEV,2015,Vehicles,1.0
988,Sweden,Historical,EV sales,Cars,FCEV,2016,Vehicles,3.0
989,Sweden,Historical,EV sales,Cars,PHEV,2016,Vehicles,10000.0
990,Sweden,Historical,EV sales,Cars,BEV,2016,Vehicles,2900.0
991,Sweden,Historical,EV sales,Cars,BEV,2017,Vehicles,4400.0
992,Sweden,Historical,EV sales,Cars,PHEV,2017,Vehicles,16000.0
993,Sweden,Historical,EV sales,Cars,FCEV,2017,Vehicles,14.0
994,Sweden,Historical,EV sales,Cars,PHEV,2018,Vehicles,22000.0
995,Sweden,Historical,EV sales,Cars,BEV,2018,Vehicles,7100.0
996,Sweden,Historical,EV sales,Cars,BEV,2019,Vehicles,16000.0
997,Sweden,Historical,EV sales,Cars,PHEV,2019,Vehicles,25000.0
998,Sweden,Historical,EV sales,Cars,FCEV,2019,Vehicles,2.0
999,Sweden,Historical,EV sales,Cars,FCEV,2020,Vehicles,5.0
1000,Sweden,Historical,EV sales,Cars,PHEV,2020,Vehicles,66000.0
1001,Sweden,Historical,EV sales,Cars,BEV,2020,Vehicles,28000.0
1002,Sweden,Historical,EV sales,Cars,BEV,2021,Vehicles,57000.0
1003,Sweden,Historical,EV sales,Cars,PHEV,2021,Vehicles,78000.0
1004,Sweden,Historical,EV sales,Cars,FCEV,2021,Vehicles,16.0
1005,Sweden,Historical,EV sales,Cars,FCEV,2022,Vehicles,2.0
1006,Sweden,Historical,EV sales,Cars,PHEV,2022,Vehicles,67000.0
1007,Sweden,Historical,EV sales,Cars,BEV,2022,Vehicles,96000.0
1008,Sweden,Historical,EV sales,Cars,BEV,2023,Vehicles,110000.0
1009,Sweden,Historical,EV sales,Cars,PHEV,2023,Vehicles,61000.0
1010,Sweden,Historical,EV sales,Cars,FCEV,2023,Vehicles,2.0
1011,Switzerland,Historical,EV sales,Cars,BEV,2011,Vehicles,400.0
1012,Switzerland,Historical,EV sales,Cars,PHEV,2011,Vehicles,41.0
1013,Switzerland,Historical,EV sales,Cars,PHEV,2012,Vehicles,400.0
1014,Switzerland,Historical,EV sales,Cars,BEV,2012,Vehicles,340.0
1015,Switzerland,Historical,EV sales,Cars,BEV,2013,Vehicles,1200.0
1016,Switzerland,Historical,EV sales,Cars,PHEV,2013,Vehicles,170.0
1017,Switzerland,Historical,EV sales,Cars,PHEV,2014,Vehicles,200.0
1018,Switzerland,Historical,EV sales,Cars,BEV,2014,Vehicles,2700.0
1019,Switzerland,Historical,EV sales,Cars,BEV,2015,Vehicles,3300.0
1020,Switzerland,Historical,EV sales,Cars,FCEV,2015,Vehicles,10.0
1021,Switzerland,Historical,EV sales,Cars,PHEV,2015,Vehicles,2400.0
1022,Switzerland,Historical,EV sales,Cars,PHEV,2016,Vehicles,2800.0
1023,Switzerland,Historical,EV sales,Cars,FCEV,2016,Vehicles,26.0
1024,Switzerland,Historical,EV sales,Cars,BEV,2016,Vehicles,3300.0
1025,Switzerland,Historical,EV sales,Cars,BEV,2017,Vehicles,4800.0
1026,Switzerland,Historical,EV sales,Cars,FCEV,2017,Vehicles,1.0
1027,Switzerland,Historical,EV sales,Cars,PHEV,2017,Vehicles,3600.0
1028,Switzerland,Historical,EV sales,Cars,PHEV,2018,Vehicles,4400.0
1029,Switzerland,Historical,EV sales,Cars,FCEV,2018,Vehicles,22.0
1030,Switzerland,Historical,EV sales,Cars,BEV,2018,Vehicles,5100.0
1031,Switzerland,Historical,EV sales,Cars,BEV,2019,Vehicles,13000.0
1032,Switzerland,Historical,EV sales,Cars,FCEV,2019,Vehicles,25.0
1033,Switzerland,Historical,EV sales,Cars,PHEV,2019,Vehicles,4300.0
1034,Switzerland,Historical,EV sales,Cars,PHEV,2020,Vehicles,14000.0
1035,Switzerland,Historical,EV sales,Cars,BEV,2020,Vehicles,20000.0
1036,Switzerland,Historical,EV sales,Cars,BEV,2021,Vehicles,32000.0
1037,Switzerland,Historical,EV sales,Cars,FCEV,2021,Vehicles,56.0
1038,Switzerland,Historical,EV sales,Cars,PHEV,2021,Vehicles,22000.0
1039,Switzerland,Historical,EV sales,Cars,PHEV,2022,Vehicles,19000.0
1040,Switzerland,Historical,EV sales,Cars,FCEV,2022,Vehicles,72.0
1041,Switzerland,Historical,EV sales,Cars,BEV,2022,Vehicles,40000.0
1042,Switzerland,Historical,EV sales,Cars,BEV,2023,Vehicles,53000.0
1043,Switzerland,Historical,EV sales,Cars,FCEV,2023,Vehicles,27.0
1044,Switzerland,Historical,EV sales,Cars,PHEV,2023,Vehicles,23000.0
1045,Turkiye,Historical,EV sales,Cars,BEV,2012,Vehicles,92.0
1046,Turkiye,Historical,EV sales,Cars,PHEV,2013,Vehicles,1.0
1047,Turkiye,Historical,EV sales,Cars,PHEV,2014,Vehicles,22.0
1048,Turkiye,Historical,EV sales,Cars,BEV,2014,Vehicles,46.0
1049,Turkiye,Historical,EV sales,Cars,PHEV,2015,Vehicles,110.0
1050,Turkiye,Historical,EV sales,Cars,BEV,2015,Vehicles,120.0
1051,Turkiye,Historical,EV sales,Cars,BEV,2016,Vehicles,44.0
1052,Turkiye,Historical,EV sales,Cars,PHEV,2016,Vehicles,83.0
1053,Turkiye,Historical,EV sales,Cars,PHEV,2017,Vehicles,34.0
1054,Turkiye,Historical,EV sales,Cars,BEV,2017,Vehicles,77.0
1055,Turkiye,Historical,EV sales,Cars,BEV,2018,Vehicles,190.0
1056,Turkiye,Historical,EV sales,Cars,PHEV,2018,Vehicles,45.0
1057,Turkiye,Historical,EV sales,Cars,PHEV,2019,Vehicles,94.0
1058,Turkiye,Historical,EV sales,Cars,BEV,2019,Vehicles,230.0
1059,Turkiye,Historical,EV sales,Cars,BEV,2020,Vehicles,890.0
1060,Turkiye,Historical,EV sales,Cars,PHEV,2020,Vehicles,400.0
1061,Turkiye,Historical,EV sales,Cars,PHEV,2021,Vehicles,920.0
1062,Turkiye,Historical,EV sales,Cars,BEV,2021,Vehicles,3000.0
1063,Turkiye,Historical,EV sales,Cars,BEV,2022,Vehicles,7000.0
1064,Turkiye,Historical,EV sales,Cars,PHEV,2022,Vehicles,540.0
1065,Turkiye,Historical,EV sales,Cars,PHEV,2023,Vehicles,2700.0
1066,Turkiye,Historical,EV sales,Cars,BEV,2023,Vehicles,66000.0
1067,United Arab Emirates,Historical,EV sales,Cars,PHEV,2018,Vehicles,60.0
1068,United Arab Emirates,Historical,EV sales,Cars,BEV,2018,Vehicles,59.0
1069,United Arab Emirates,Historical,EV sales,Cars,BEV,2019,Vehicles,33.0
1070,United Arab Emirates,Historical,EV sales,Cars,PHEV,2019,Vehicles,61.0
1071,United Arab Emirates,Historical,EV sales,Cars,PHEV,2020,Vehicles,61.0
1072,United Arab Emirates,Historical,EV sales,Cars,BEV,2020,Vehicles,630.0
1073,United Arab Emirates,Historical,EV sales,Cars,BEV,2021,Vehicles,2100.0
1074,United Arab Emirates,Historical,EV sales,Cars,PHEV,2021,Vehicles,2000.0
1075,United Arab Emirates,Historical,EV sales,Cars,PHEV,2022,Vehicles,3900.0
1076,United Arab Emirates,Historical,EV sales,Cars,BEV,2022,Vehicles,15000.0
1077,United Arab Emirates,Historical,EV sales,Cars,PHEV,2023,Vehicles,5900.0
1078,United Arab Emirates,Historical,EV sales,Cars,BEV,2023,Vehicles,23000.0
1079,United Kingdom,Historical,EV sales,Cars,BEV,2010,Vehicles,240.0
1080,United Kingdom,Historical,EV sales,Cars,PHEV,2010,Vehicles,21.0
1081,United Kingdom,Historical,EV sales,Cars,PHEV,2011,Vehicles,7.0
1082,United Kingdom,Historical,EV sales,Cars,BEV,2011,Vehicles,1200.0
1083,United Kingdom,Historical,EV sales,Cars,BEV,2012,Vehicles,1600.0
1084,United Kingdom,Historical,EV sales,Cars,PHEV,2012,Vehicles,970.0
1085,United Kingdom,Historical,EV sales,Cars,PHEV,2013,Vehicles,1100.0
1086,United Kingdom,Historical,EV sales,Cars,BEV,2013,Vehicles,2600.0
1087,United Kingdom,Historical,EV sales,Cars,BEV,2014,Vehicles,6700.0
1088,United Kingdom,Historical,EV sales,Cars,PHEV,2014,Vehicles,7800.0
1089,United Kingdom,Historical,EV sales,Cars,PHEV,2015,Vehicles,19000.0
1090,United Kingdom,Historical,EV sales,Cars,FCEV,2015,Vehicles,11.0
1091,United Kingdom,Historical,EV sales,Cars,BEV,2015,Vehicles,10000.0
1092,United Kingdom,Historical,EV sales,Cars,BEV,2016,Vehicles,10000.0
1093,United Kingdom,Historical,EV sales,Cars,FCEV,2016,Vehicles,10.0
1094,United Kingdom,Historical,EV sales,Cars,PHEV,2016,Vehicles,29000.0
1095,United Kingdom,Historical,EV sales,Cars,PHEV,2017,Vehicles,35000.0
1096,United Kingdom,Historical,EV sales,Cars,FCEV,2017,Vehicles,34.0
1097,United Kingdom,Historical,EV sales,Cars,BEV,2017,Vehicles,14000.0
1098,United Kingdom,Historical,EV sales,Cars,BEV,2018,Vehicles,16000.0
1099,United Kingdom,Historical,EV sales,Cars,FCEV,2018,Vehicles,36.0
1100,United Kingdom,Historical,EV sales,Cars,PHEV,2018,Vehicles,46000.0
1101,United Kingdom,Historical,EV sales,Cars,PHEV,2019,Vehicles,37000.0
1102,United Kingdom,Historical,EV sales,Cars,FCEV,2019,Vehicles,68.0
1103,United Kingdom,Historical,EV sales,Cars,BEV,2019,Vehicles,38000.0
1104,United Kingdom,Historical,EV sales,Cars,BEV,2020,Vehicles,110000.0
1105,United Kingdom,Historical,EV sales,Cars,FCEV,2020,Vehicles,57.0
1106,United Kingdom,Historical,EV sales,Cars,PHEV,2020,Vehicles,68000.0
1107,United Kingdom,Historical,EV sales,Cars,PHEV,2021,Vehicles,120000.0
1108,United Kingdom,Historical,EV sales,Cars,FCEV,2021,Vehicles,12.0
1109,United Kingdom,Historical,EV sales,Cars,BEV,2021,Vehicles,190000.0
1110,United Kingdom,Historical,EV sales,Cars,BEV,2022,Vehicles,270000.0
1111,United Kingdom,Historical,EV sales,Cars,FCEV,2022,Vehicles,7.0
1112,United Kingdom,Historical,EV sales,Cars,PHEV,2022,Vehicles,100000.0
1113,United Kingdom,Historical,EV sales,Cars,PHEV,2023,Vehicles,140000.0
1114,United Kingdom,Historical,EV sales,Cars,FCEV,2023,Vehicles,25.0
1115,United Kingdom,Historical,EV sales,Cars,BEV,2023,Vehicles,310000.0
1116,USA,Historical,EV sales,Cars,BEV,2010,Vehicles,1200.0
1117,USA,Historical,EV sales,Cars,PHEV,2011,Vehicles,8000.0
1118,USA,Historical,EV sales,Cars,BEV,2011,Vehicles,9800.0
1119,USA,Historical,EV sales,Cars,BEV,2012,Vehicles,15000.0
1120,USA,Historical,EV sales,Cars,PHEV,2012,Vehicles,39000.0
1121,USA,Historical,EV sales,Cars,PHEV,2013,Vehicles,49000.0
1122,USA,Historical,EV sales,Cars,BEV,2013,Vehicles,48000.0
1123,USA,Historical,EV sales,Cars,BEV,2014,Vehicles,63000.0
1124,USA,Historical,EV sales,Cars,FCEV,2014,Vehicles,55.0
1125,USA,Historical,EV sales,Cars,PHEV,2014,Vehicles,55000.0
1126,USA,Historical,EV sales,Cars,PHEV,2015,Vehicles,43000.0
1127,USA,Historical,EV sales,Cars,FCEV,2015,Vehicles,100.0
1128,USA,Historical,EV sales,Cars,BEV,2015,Vehicles,71000.0
1129,USA,Historical,EV sales,Cars,BEV,2016,Vehicles,87000.0
1130,USA,Historical,EV sales,Cars,FCEV,2016,Vehicles,1100.0
1131,USA,Historical,EV sales,Cars,PHEV,2016,Vehicles,73000.0
1132,USA,Historical,EV sales,Cars,PHEV,2017,Vehicles,94000.0
1133,USA,Historical,EV sales,Cars,FCEV,2017,Vehicles,2300.0
1134,USA,Historical,EV sales,Cars,BEV,2017,Vehicles,100000.0
1135,USA,Historical,EV sales,Cars,BEV,2018,Vehicles,240000.0
1136,USA,Historical,EV sales,Cars,FCEV,2018,Vehicles,2700.0
1137,USA,Historical,EV sales,Cars,PHEV,2018,Vehicles,120000.0
1138,USA,Historical,EV sales,Cars,PHEV,2019,Vehicles,85000.0
1139,USA,Historical,EV sales,Cars,FCEV,2019,Vehicles,2000.0
1140,USA,Historical,EV sales,Cars,BEV,2019,Vehicles,240000.0
1141,USA,Historical,EV sales,Cars,BEV,2020,Vehicles,230000.0
1142,USA,Historical,EV sales,Cars,FCEV,2020,Vehicles,1200.0
1143,USA,Historical,EV sales,Cars,PHEV,2020,Vehicles,64000.0
1144,USA,Historical,EV sales,Cars,PHEV,2021,Vehicles,160000.0
1145,USA,Historical,EV sales,Cars,FCEV,2021,Vehicles,3100.0
1146,USA,Historical,EV sales,Cars,BEV,2021,Vehicles,470000.0
1147,USA,Historical,EV sales,Cars,BEV,2022,Vehicles,800000.0
1148,USA,Historical,EV sales,Cars,FCEV,2022,Vehicles,2700.0
1149,USA,Historical,EV sales,Cars,PHEV,2022,Vehicles,190000.0
1150,USA,Historical,EV sales,Cars,PHEV,2023,Vehicles,290000.0
1151,USA,Historical,EV sales,Cars,FCEV,2023,Vehicles,3000.0
1152,USA,Historical,EV sales,Cars,BEV,2023,Vehicles,1100000.0
